{
	"pattrstorage" : 	{
		"name" : "basic",
		"slots" : 		{
			"1" : 			{
				"id" : 1,
				"data" : 				{
					"Distance1" : [ 126.300000000000011 ],
					"u443001375" : [ -1 ],
					"Angle1" : [ 90 ],
					"Distance2" : [ 93.800000000000011 ],
					"Angle2" : [ 180 ],
					"Distance3" : [ 56.600000000000001 ],
					"Angle3" : [ 270 ],
					"Distance4" : [ 57.63000000000001 ],
					"Angle4" : [ 360 ]
				}

			}
,
			"2" : 			{
				"id" : 2,
				"data" : 				{
					"Distance1" : [ 9.436000000000002 ],
					"u443001375" : [ -1 ],
					"Angle1" : [ 62 ],
					"Distance2" : [ 9.624000000000002 ],
					"Angle2" : [ 273 ],
					"Distance3" : [ 8.260000000000002 ],
					"Angle3" : [ 379 ],
					"Distance4" : [ 4.219000000000001 ],
					"Angle4" : [ 328 ]
				}

			}

		}

	}

}
