{
	"pattrstorage" : 	{
		"name" : "basic",
		"slots" : 		{
			"1" : 			{
				"id" : 1,
				"data" : 				{
					"Distance1" : [ 3.508000000000001 ],
					"Angle1" : [ 0 ],
					"Distance2" : [ 3.600000000000001 ],
					"Angle2" : [ 90 ],
					"Distance3" : [ 3.500000000000001 ],
					"Angle3" : [ 180 ],
					"Distance4" : [ 3.180000000000001 ],
					"Angle4" : [ -89 ],
					"u443001375" : [ -1 ],
					"Yaw1" : [ 0 ],
					"Aperture1" : [ 145 ],
					"Pres1" : [ 0.117 ],
					"Yaw2" : [ 0 ],
					"Aperture2" : [ 132 ],
					"Pres2" : [ 0.017 ],
					"Prer1" : [ 0.46 ],
					"Prer2" : [ 0.037 ],
					"Yaw3" : [ 0 ],
					"Aperture3" : [ 133 ],
					"Pres3" : [ 0.042 ],
					"Prer3" : [ 0.027 ],
					"Prer4" : [ -0.01 ],
					"Yaw4" : [ 2 ],
					"Aperture4" : [ 119 ],
					"Pres4" : [ 0.02 ]
				}

			}
,
			"2" : 			{
				"id" : 2,
				"data" : 				{
					"Distance1" : [ 3.508000000000001 ],
					"Angle1" : [ 0 ],
					"Distance2" : [ 3.600000000000001 ],
					"Angle2" : [ 90 ],
					"Distance3" : [ 3.500000000000001 ],
					"Angle3" : [ 180 ],
					"Distance4" : [ 3.180000000000001 ],
					"Angle4" : [ -89 ],
					"u443001375" : [ -1 ],
					"Yaw1" : [ 0 ],
					"Aperture1" : [ 145 ],
					"Pres1" : [ 83.0 ],
					"Yaw2" : [ 0 ],
					"Aperture2" : [ 132 ],
					"Pres2" : [ 100.0 ],
					"Prer1" : [ 64.0 ],
					"Prer2" : [ 21.5 ],
					"Yaw3" : [ 0 ],
					"Aperture3" : [ 133 ],
					"Pres3" : [ 9.730000000000002 ],
					"Prer3" : [ 96.0 ],
					"Prer4" : [ 109.0 ],
					"Yaw4" : [ 2 ],
					"Aperture4" : [ 119 ],
					"Pres4" : [ 91.0 ]
				}

			}
,
			"3" : 			{
				"id" : 3,
				"data" : 				{
					"Distance1" : [ 4.170000000000001 ],
					"Angle1" : [ 88 ],
					"Distance2" : [ 2.880000000000001 ],
					"Angle2" : [ 180 ],
					"Distance3" : [ 6.2 ],
					"Angle3" : [ 93 ],
					"Distance4" : [ 3.4 ],
					"Angle4" : [ 0 ],
					"u443001375" : [ -1 ],
					"Yaw1" : [ 0 ],
					"Aperture1" : [ 79 ],
					"Pres1" : [ 83.0 ],
					"Yaw2" : [ 0 ],
					"Aperture2" : [ 51 ],
					"Pres2" : [ 100.0 ],
					"Prer1" : [ 64.0 ],
					"Prer2" : [ 44.0 ],
					"Yaw3" : [ 0 ],
					"Aperture3" : [ 67 ],
					"Pres3" : [ 81.0 ],
					"Prer3" : [ 96.0 ],
					"Prer4" : [ 109.0 ],
					"Yaw4" : [ 2 ],
					"Aperture4" : [ 69 ],
					"Pres4" : [ 109.0 ]
				}

			}
,
			"4" : 			{
				"id" : 4,
				"data" : 				{
					"Distance1" : [ 3.160000000000001 ],
					"Angle1" : [ 88 ],
					"Distance2" : [ 2.880000000000001 ],
					"Angle2" : [ 90 ],
					"Distance3" : [ 2.9 ],
					"Angle3" : [ -89 ],
					"Distance4" : [ 3.010000000000001 ],
					"Angle4" : [ -69 ],
					"u443001375" : [ -1 ],
					"Yaw1" : [ 0 ],
					"Aperture1" : [ 79 ],
					"Pres1" : [ 83.0 ],
					"Yaw2" : [ 0 ],
					"Aperture2" : [ 51 ],
					"Pres2" : [ 114.0 ],
					"Prer1" : [ 40.0 ],
					"Prer2" : [ 20.0 ],
					"Yaw3" : [ 0 ],
					"Aperture3" : [ 67 ],
					"Pres3" : [ 101.0 ],
					"Prer3" : [ 35.0 ],
					"Prer4" : [ 63.300000000000004 ],
					"Yaw4" : [ 2 ],
					"Aperture4" : [ 69 ],
					"Pres4" : [ 120.0 ]
				}

			}
,
			"5" : 			{
				"id" : 5,
				"data" : 				{
					"Distance1" : [ 5.120000000000001 ],
					"Angle1" : [ 0 ],
					"Distance2" : [ 5.140000000000001 ],
					"Angle2" : [ 0 ],
					"Distance3" : [ 9.0 ],
					"Angle3" : [ 0 ],
					"Distance4" : [ 5.600000000000001 ],
					"Angle4" : [ 0 ],
					"u443001375" : [ -1 ],
					"Yaw1" : [ 0 ],
					"Aperture1" : [ 79 ],
					"Pres1" : [ 83.0 ],
					"Yaw2" : [ 0 ],
					"Aperture2" : [ 51 ],
					"Pres2" : [ 114.0 ],
					"Prer1" : [ 40.0 ],
					"Prer2" : [ 20.0 ],
					"Yaw3" : [ 0 ],
					"Aperture3" : [ 67 ],
					"Pres3" : [ 101.0 ],
					"Prer3" : [ 35.0 ],
					"Prer4" : [ 63.300000000000004 ],
					"Yaw4" : [ 2 ],
					"Aperture4" : [ 69 ],
					"Pres4" : [ 120.0 ]
				}

			}
,
			"6" : 			{
				"id" : 6,
				"data" : 				{
					"Distance1" : [ 18.300000000000001 ],
					"Angle1" : [ 0 ],
					"Distance2" : [ 3.54 ],
					"Angle2" : [ 0 ],
					"Distance3" : [ 7.670000000000002 ],
					"Angle3" : [ 0 ],
					"Distance4" : [ 26.900000000000002 ],
					"Angle4" : [ 0 ],
					"u443001375" : [ -1 ],
					"Yaw1" : [ 0 ],
					"Aperture1" : [ 20 ],
					"Pres1" : [ 83.0 ],
					"Yaw2" : [ 0 ],
					"Aperture2" : [ 51 ],
					"Pres2" : [ 114.0 ],
					"Prer1" : [ 114.0 ],
					"Prer2" : [ 74.0 ],
					"Yaw3" : [ 0 ],
					"Aperture3" : [ 67 ],
					"Pres3" : [ 101.0 ],
					"Prer3" : [ 47.0 ],
					"Prer4" : [ 85.0 ],
					"Yaw4" : [ 2 ],
					"Aperture4" : [ 9 ],
					"Pres4" : [ 73.0 ]
				}

			}

		}

	}

}
